ID,Model_Tag,Kickoff_UTC,League,Matchup,Market,Pick,Bookmaker,Odds,Edge_Pct,Stake,Status,P_L
52ae8d13,LATE_STEAM,2026-09-15T16:00:00Z,Coppa Italia,Genoa vs Südtirol,Pre-Match +EV,Draw,Coral,4.2,3.4,15.0,PENDING,0.0
2bb3c87b,LATE_STEAM,2026-09-15T16:00:00Z,Ekstraklasa - Poland,Raków Częstochowa vs Zagłębie Lubin,Pre-Match +EV,Raków Częstochowa,Smarkets,1.93,3.8,15.0,LOST,-15.0
10f14cb7,LATE_STEAM,2026-09-15T17:00:00Z,3. Liga - Germany,FC Würzburger Kickers vs Alemannia Aachen,Pre-Match +EV,FC Würzburger Kickers,Tipico,3.7,8.5,15.0,WON,40.5
080dddef,LATE_STEAM,2026-09-15T17:00:00Z,La Liga - Spain,Rayo Vallecano vs Espanyol,Pre-Match +EV,Draw,Betano (UK),3.5,3.2,15.0,LOST,-15.0
50df226f,LATE_STEAM,2026-09-15T17:00:00Z,Swiss Superleague,Grasshopper Zürich vs FC Sion,Pre-Match +EV,Draw,Coolbet,4.2,7.4,15.0,LOST,-15.0
ac1a0ee2,LATE_STEAM,2026-09-15T17:00:00Z,3. Liga - Germany,SV Meppen vs FC Viktoria Köln 1904,Pre-Match +EV,SV Meppen,Tipico,2.9,3.9,15.0,LOST,-15.0
3107b45c,LATE_STEAM,2026-09-15T17:00:00Z,3. Liga - Germany,Jahn Regensburg vs Fortuna Düsseldorf,Pre-Match +EV,Jahn Regensburg,Tipico,3.1,3.3,15.0,LOST,-15.0
37ab3c02,LATE_STEAM,2026-09-15T17:00:00Z,Superettan - Sweden,Landskrona BoIS vs GIF Sundsvall,Pre-Match +EV,GIF Sundsvall,1xBet,7.95,7.0,15.0,LOST,-15.0
7c19d8b3,LATE_STEAM,2026-09-15T17:00:00Z,Superettan - Sweden,IFK Värnamo vs Östers IF,Pre-Match +EV,IFK Värnamo,Unibet (NL),1.93,3.8,15.0,LOST,-15.0
10be4781,LATE_STEAM,2026-09-15T17:00:00Z,Superettan - Sweden,IK Brage vs Sandvikens IF,Pre-Match +EV,IK Brage,1xBet,2.9,6.6,15.0,LOST,-15.0
4ca313d7,LATE_STEAM,2026-09-15T18:00:00Z,Dutch Eredivisie,Ajax vs Willem II,Pre-Match +EV,Willem II,Unibet (UK),19.0,3.5,15.0,LOST,-15.0
a4cbe3d9,LATE_STEAM,2026-09-15T18:00:00Z,La Liga - Spain,Alavés vs Valencia,Pre-Match +EV,Alavés,1xBet,1.74,3.6,15.0,LOST,-15.0
5a7f3a8d,LATE_STEAM,2026-09-15T18:30:00Z,EFL Cup,Peterborough United vs Barnsley,Pre-Match +EV,Barnsley,Betfair,3.05,5.5,15.0,LOST,-15.0
e85651d9,LATE_STEAM,2026-09-15T18:30:00Z,Ekstraklasa - Poland,Korona Kielce vs Górnik Zabrze,Pre-Match +EV,Draw,Coolbet,3.4,5.3,15.0,LOST,-15.0
838e9481,LATE_STEAM,2026-09-15T18:45:00Z,Premiership - Scotland,Motherwell vs Aberdeen,Pre-Match +EV,Draw,Smarkets,4.0,3.9,15.0,LOST,-15.0
89c47db3,LATE_STEAM,2026-09-15T18:45:00Z,Championship,Bristol City vs Lincoln City,Pre-Match +EV,Draw,LeoVegas (SE),3.75,5.9,15.0,LOST,-15.0
501e3b63,LATE_STEAM,2026-09-15T18:45:00Z,Premiership - Scotland,Falkirk F.C. vs Hearts,Pre-Match +EV,Falkirk F.C.,Smarkets,3.95,6.5,15.0,WON,44.25
fd442eba,LATE_STEAM,2026-09-15T18:45:00Z,EFL Cup,West Ham United vs Fulham,Pre-Match +EV,Fulham,Betfair,2.9,3.6,15.0,WON,28.5
b380fa03,LATE_STEAM,2026-09-15T17:00:01Z,3. Liga - Germany,SG Sonnenhof Großaspach vs SC Verl,Halftime In-Play,SG Sonnenhof Großaspach,Tipico,5.0,18.8,15.0,LOST,-15.0
29c7f8d3,LATE_STEAM,2026-09-15T17:00:02Z,3. Liga - Germany,MSV Duisburg vs TSV Havelse,Halftime In-Play,MSV Duisburg,Tipico,2.55,63.5,15.0,WON,23.25
276c015c,LATE_STEAM,2026-09-15T18:45:00Z,Premiership - Scotland,Hibernian vs Kilmarnock,Pre-Match +EV,Kilmarnock,Smarkets,7.6,6.9,15.0,WON,99.0
e6e27a1f,LATE_STEAM,2026-09-15T18:45:00Z,Championship,Middlesbrough vs Millwall,Pre-Match +EV,Middlesbrough,LeoVegas (SE),1.5,4.9,15.0,LOST,-15.0
4a9177e3,LATE_STEAM,2026-09-15T19:00:00Z,EFL Cup,Ipswich Town vs Arsenal,Pre-Match +EV,Ipswich Town,Betfair Sportsbook,8.5,15.5,15.0,LOST,-15.0
d6c22da2,LATE_STEAM,2026-09-15T19:00:00Z,EFL Cup,Reading vs Brentford,Pre-Match +EV,Brentford,Betfair,1.25,3.3,15.0,WON,3.75
89c0d284,LATE_STEAM,2026-09-15T19:00:00Z,Coppa Italia,Fiorentina vs Pisa,Pre-Match +EV,Pisa,Betfair,9.2,5.1,15.0,PENDING,0.0
a6c61c5a,LATE_STEAM,2026-09-15T19:00:00Z,EFL Cup,Liverpool vs Tottenham Hotspur,Pre-Match +EV,Draw,Betfair,3.85,3.8,15.0,LOST,-15.0
730c8e5e,LATE_STEAM,2026-09-15T19:30:00Z,La Liga - Spain,Elche CF vs Real Madrid,Pre-Match +EV,Elche CF,Betfair,14.5,11.5,15.0,LOST,-15.0
14f213be,LATE_STEAM,2026-09-15T22:00:00Z,Copa Libertadores,Platense vs Fluminense-RJ,Pre-Match +EV,Draw,1xBet,3.0,4.9,15.0,LOST,-15.0
df821eb4,LATE_STEAM,2026-09-15T22:00:00Z,Copa Sudamericana,Vasco da Gama vs Independiente Santa Fe,Pre-Match +EV,Independiente Santa Fe,1xBet,10.0,8.5,15.0,LOST,-15.0
4bd830ef,LATE_STEAM,2026-09-15T22:30:00Z,Brazil Série B,Londrina vs Ponte Preta,Pre-Match +EV,Ponte Preta,Smarkets,11.0,18.7,15.0,LOST,-15.0
dd7b31f1,LATE_STEAM,2026-09-15T22:30:00Z,Brazil Série B,Nautico PE vs Operario PR,Pre-Match +EV,Nautico PE,Smarkets,1.93,4.9,15.0,LOST,-15.0
e07c91f2,LATE_STEAM,2026-09-16T00:00:00Z,Brazil Série B,Clube de Regatas Brasil vs Sport Recife,Pre-Match +EV,Clube de Regatas Brasil,Smarkets,1.94,3.2,15.0,WON,14.1
bdb5a46e,LATE_STEAM,2026-09-16T00:30:00Z,Copa Sudamericana,Sao Paulo vs Boca Juniors,Pre-Match +EV,Draw,1xBet,3.21,4.6,15.0,WON,33.15
d463a345,LATE_STEAM,2026-09-16T01:00:00Z,Liga MX,Puebla vs Toluca,Pre-Match +EV,Puebla,Betfair,5.8,4.3,15.0,LOST,-15.0
b47d1c31,CORE_EV,2026-09-16T15:30:00Z,Premier League - Russia,Spartak Moscow vs FC Fakel Voronezh,Pre-Match +EV,FC Fakel Voronezh,Marathon Bet,9.4,4.8,15.0,PENDING,0.0
07e03420,CORE_EV,2026-09-16T15:30:00Z,Premier League - Russia,Rodina Moscow vs Rubin Kazan,Pre-Match +EV,Draw,1xBet,3.35,3.7,15.0,PENDING,0.0
7cb7540e,CORE_EV,2026-09-16T16:45:00Z,UEFA Europa League,Omonoia FC vs Celta Vigo,Pre-Match +EV,Celta Vigo,Smarkets,2.12,3.9,15.0,PENDING,0.0
d2720538,CORE_EV,2026-09-16T16:45:00Z,UEFA Europa League,FC Ararat-Armenia vs Sparta Prague,Pre-Match +EV,FC Ararat-Armenia,Smarkets,5.5,9.1,15.0,PENDING,0.0
ed07dc18,CORE_EV,2026-09-16T17:00:00Z,3. Liga - Germany,SC Preußen Münster vs 1. FC Saarbrücken,Pre-Match +EV,1. FC Saarbrücken,Betfair,2.52,4.1,15.0,PENDING,0.0
a82e6fc1,CORE_EV,2026-09-16T17:00:00Z,Allsvenskan - Sweden,AIK vs Mjällby AIF,Pre-Match +EV,AIK,Casumo,2.28,3.6,15.0,PENDING,0.0
0e780efc,CORE_EV,2026-09-16T17:00:00Z,La Liga - Spain,Atlético Madrid vs CA Osasuna,Pre-Match +EV,CA Osasuna,Nordic Bet,8.8,5.9,15.0,PENDING,0.0
d60f69d3,CORE_EV,2026-09-16T17:00:00Z,La Liga - Spain,Deportivo La Coruña vs Sevilla,Pre-Match +EV,Draw,1xBet,3.21,6.3,15.0,PENDING,0.0
bf0ad89f,EARLY_BIRD,2026-09-18T21:00:00Z,Primera División - Argentina,Central Córdoba vs Defensa y Justicia,Pre-Match +EV,Defensa y Justicia,Unibet (SE),2.85,4.4,15.0,PENDING,0.0
db6ce5ec,EARLY_BIRD,2026-09-19T00:15:00Z,Primera División - Argentina,Racing Club vs Sarmiento de Junin,Pre-Match +EV,Sarmiento de Junin,Smarkets,5.9,7.3,15.0,PENDING,0.0
7f9645d2,EARLY_BIRD,2026-09-19T17:30:00Z,Primera División - Argentina,Gimnasia La Plata vs Banfield,Pre-Match +EV,Banfield,Betsson,4.65,3.6,15.0,PENDING,0.0
c7300172,EARLY_BIRD,2026-09-19T17:30:00Z,Primera División - Argentina,Gimnasia Mendoza vs Deportivo Riestra,Pre-Match +EV,Gimnasia Mendoza,Unibet (SE),2.38,6.7,15.0,PENDING,0.0
38da4e3f,EARLY_BIRD,2026-09-20T20:00:00Z,Primera División - Argentina,Platense vs Newells Old Boys,Pre-Match +EV,Newells Old Boys,Unibet (SE),4.0,5.5,15.0,PENDING,0.0
7c7d7d5b,EARLY_BIRD,2026-09-20T22:15:00Z,Primera División - Argentina,Belgrano de Cordoba vs Estudiantes de Río Cuarto,Pre-Match +EV,Estudiantes de Río Cuarto,1xBet,7.95,5.6,15.0,PENDING,0.0
26ac129b,EARLY_BIRD,2026-09-21T00:30:00Z,Primera División - Argentina,Velez Sarsfield BA vs CA Tigre BA,Pre-Match +EV,CA Tigre BA,Unibet (SE),3.75,4.2,15.0,PENDING,0.0
ed5d926a,EARLY_BIRD,2026-09-21T17:30:00Z,Primera División - Argentina,Aldosivi Mar del Plata vs Atlético Tucuman,Pre-Match +EV,Atlético Tucuman,Virgin Bet,2.6,3.6,15.0,PENDING,0.0
fb6f21b6,EARLY_BIRD,2026-09-21T22:00:00Z,Primera División - Argentina,Barracas Central vs Independiente Rivadavia,Pre-Match +EV,Barracas Central,Virgin Bet,3.35,3.7,15.0,PENDING,0.0
5041ad43,EARLY_BIRD,2026-09-18T17:30:00Z,Austrian Football Bundesliga,Rapid Wien vs WSG Tirol,Pre-Match +EV,Rapid Wien,Betfair,1.42,3.6,15.0,PENDING,0.0
f3d96cd6,EARLY_BIRD,2026-09-19T15:00:00Z,Austrian Football Bundesliga,Austria Lustenau vs Rheindorf Altach,Pre-Match +EV,Austria Lustenau,Tipico,3.1,3.0,15.0,PENDING,0.0
249d6705,EARLY_BIRD,2026-09-19T17:30:00Z,Austrian Football Bundesliga,Grazer AK vs Austria Wien,Pre-Match +EV,Grazer AK,Tipico,2.55,3.7,15.0,PENDING,0.0
b2040105,EARLY_BIRD,2026-09-20T12:30:00Z,Austrian Football Bundesliga,Hartberg vs LASK,Pre-Match +EV,Draw,Unibet (UK),5.75,3.6,15.0,PENDING,0.0
db1f6324,EARLY_BIRD,2026-09-20T12:30:00Z,Austrian Football Bundesliga,Ried vs Wolfsberger AC,Pre-Match +EV,Draw,Unibet (UK),3.6,3.4,15.0,PENDING,0.0
6a7d833a,EARLY_BIRD,2026-09-18T18:45:00Z,Belgium First Div,Gent vs Standard Liege,Pre-Match +EV,Gent,Grosvenor,1.97,4.2,15.0,PENDING,0.0
aeab04e0,EARLY_BIRD,2026-09-19T14:00:00Z,Belgium First Div,Leuven vs RAAL La Louvière,Pre-Match +EV,Leuven,Unibet (UK),2.1,3.4,15.0,PENDING,0.0
009e3e05,EARLY_BIRD,2026-09-19T16:15:00Z,Belgium First Div,Charleroi vs Cercle Brugge KSV,Pre-Match +EV,Cercle Brugge KSV,Casumo,4.1,3.3,15.0,PENDING,0.0
9b28bee3,EARLY_BIRD,2026-09-19T18:45:00Z,Belgium First Div,Anderlecht vs SV Zulte-Waregem,Pre-Match +EV,SV Zulte-Waregem,Casumo,4.8,8.6,15.0,PENDING,0.0
7708229b,EARLY_BIRD,2026-09-19T18:45:00Z,Belgium First Div,Lommel SK vs KV Mechelen,Pre-Match +EV,KV Mechelen,Coral,2.6,3.6,15.0,PENDING,0.0
9f52fd50,EARLY_BIRD,2026-09-20T11:30:00Z,Belgium First Div,Royal Antwerp vs Union Saint-Gilloise,Pre-Match +EV,Royal Antwerp,Unibet (UK),5.0,3.1,15.0,PENDING,0.0
e12ff573,EARLY_BIRD,2026-09-20T14:00:00Z,Belgium First Div,Sint Truiden vs Westerlo,Pre-Match +EV,Sint Truiden,Grosvenor,1.73,3.6,15.0,PENDING,0.0
a9722ec7,EARLY_BIRD,2026-09-20T16:30:00Z,Belgium First Div,Club Brugge vs Genk,Pre-Match +EV,Club Brugge,Grosvenor,1.53,3.4,15.0,PENDING,0.0
44148abe,EARLY_BIRD,2026-09-20T17:15:00Z,Belgium First Div,KV Kortrijk vs SK Beveren,Pre-Match +EV,SK Beveren,Grosvenor,2.7,5.5,15.0,PENDING,0.0
3e3c9303,CORE_EV,2026-09-16T22:30:00Z,Brazil Série A,Botafogo vs Grêmio,Pre-Match +EV,Grêmio,Matchbook,5.0,5.0,15.0,PENDING,0.0
ffb34bba,EARLY_BIRD,2026-09-19T21:30:00Z,Brazil Série A,Remo vs Santos,Pre-Match +EV,Santos,GTbets,2.65,3.9,15.0,PENDING,0.0
0f957306,EARLY_BIRD,2026-09-19T23:30:00Z,Brazil Série A,Vasco da Gama vs Coritiba,Pre-Match +EV,Vasco da Gama,BetOnline.ag,1.6,3.2,15.0,PENDING,0.0
59f77261,EARLY_BIRD,2026-09-20T19:00:00Z,Brazil Série A,Corinthians vs Fluminense,Pre-Match +EV,Draw,Coolbet,3.25,3.2,15.0,PENDING,0.0
fec605c5,EARLY_BIRD,2026-09-20T19:00:00Z,Brazil Série A,Vitoria vs Cruzeiro,Pre-Match +EV,Draw,Coolbet,3.4,4.3,15.0,PENDING,0.0
03a48017,EARLY_BIRD,2026-09-20T21:30:00Z,Brazil Série A,Flamengo vs Bragantino-SP,Pre-Match +EV,Bragantino-SP,1xBet,8.55,4.3,15.0,PENDING,0.0
eaf04447,EARLY_BIRD,2026-09-20T22:30:00Z,Brazil Série A,Atletico Paranaense vs Bahia,Pre-Match +EV,Draw,Coolbet,3.6,3.7,15.0,PENDING,0.0
4799d98e,EARLY_BIRD,2026-09-18T22:30:00Z,Brazil Série B,Vila Nova vs América Mineiro,Pre-Match +EV,Vila Nova,Virgin Bet,1.54,4.1,15.0,PENDING,0.0
32100087,EARLY_BIRD,2026-09-18T23:30:00Z,Brazil Série B,Ceará vs Grêmio Novorizontino,Pre-Match +EV,Grêmio Novorizontino,Casumo,2.55,3.7,15.0,PENDING,0.0
b87d4711,EARLY_BIRD,2026-09-19T19:30:00Z,Brazil Série B,Sport Recife vs Juventude,Pre-Match +EV,Juventude,Casumo,3.45,3.3,15.0,PENDING,0.0
c0382a70,EARLY_BIRD,2026-09-19T21:30:00Z,Brazil Série B,Athletic Club (MG) vs Botafogo-SP,Pre-Match +EV,Athletic Club (MG),Casumo,2.35,3.5,15.0,PENDING,0.0
08454505,EARLY_BIRD,2026-09-20T14:00:00Z,Brazil Série B,Ponte Preta vs Clube de Regatas Brasil,Pre-Match +EV,Draw,Unibet (SE),5.25,3.8,15.0,PENDING,0.0
69d4b750,EARLY_BIRD,2026-09-20T19:00:00Z,Brazil Série B,Goiás vs Avai,Pre-Match +EV,Draw,Unibet (NL),3.35,3.1,15.0,PENDING,0.0
82cfdbaf,EARLY_BIRD,2026-09-20T21:30:00Z,Brazil Série B,Londrina vs Fortaleza,Pre-Match +EV,Draw,LiveScore Bet,3.1,3.7,15.0,PENDING,0.0
20d7dbfc,EARLY_BIRD,2026-09-22T00:30:00Z,Brazil Série B,Cuiabá vs Nautico PE,Pre-Match +EV,Cuiabá,Virgin Bet,2.16,4.3,15.0,PENDING,0.0
778adf5e,EARLY_BIRD,2026-09-18T11:35:00Z,Super League - China,Zhejiang vs Wuhan Three Towns,Pre-Match +EV,Draw,Betfair,4.3,4.6,15.0,PENDING,0.0
44938b56,CORE_EV,2026-09-16T22:00:00Z,Copa Libertadores,LDU Quito vs Palmeiras-SP,Pre-Match +EV,Draw,1xBet,3.13,6.5,15.0,PENDING,0.0
d0ed9870,CORE_EV,2026-09-17T00:30:00Z,Copa Libertadores,Corinthians-SP vs Estudiantes La Plata,Pre-Match +EV,Estudiantes La Plata,Smarkets,5.2,11.1,15.0,PENDING,0.0
ee3f8526,CORE_EV,2026-09-18T00:30:00Z,Copa Libertadores,Flamengo-RJ vs Independiente del Valle,Pre-Match +EV,Independiente del Valle,1xBet,8.65,5.7,15.0,PENDING,0.0
28f88a23,CORE_EV,2026-09-16T22:00:00Z,Copa Sudamericana,Clube Atlético Mineiro vs Santos,Pre-Match +EV,Clube Atlético Mineiro,Betfair,1.84,3.4,15.0,PENDING,0.0
316ba75f,CORE_EV,2026-09-18T00:30:00Z,Copa Sudamericana,Montevideo City Torque vs Club Cienciano,Pre-Match +EV,Club Cienciano,Betfair,6.0,13.2,15.0,PENDING,0.0
7e9288b1,EARLY_BIRD,2026-09-19T16:00:00Z,Denmark Superliga,OB Odense BK vs FC Midtjylland,Pre-Match +EV,OB Odense BK,Casumo,4.25,8.4,15.0,PENDING,0.0
95483b9c,EARLY_BIRD,2026-09-20T12:00:00Z,Denmark Superliga,Brondby IF vs FC Copenhagen,Pre-Match +EV,Brondby IF,Unibet (NL),3.2,4.2,15.0,PENDING,0.0
8bd64f4d,EARLY_BIRD,2026-09-20T12:00:00Z,Denmark Superliga,SonderjyskE vs Randers FC,Pre-Match +EV,Randers FC,Unibet (NL),2.35,4.4,15.0,PENDING,0.0
495e6de3,EARLY_BIRD,2026-09-20T14:00:00Z,Denmark Superliga,AC Horsens vs AGF Aarhus,Pre-Match +EV,AC Horsens,Tipico,4.1,3.0,15.0,PENDING,0.0
d550a985,EARLY_BIRD,2026-09-20T16:00:00Z,Denmark Superliga,Viborg FF vs FC Nordsjaelland,Pre-Match +EV,FC Nordsjaelland,Unibet (SE),2.38,4.4,15.0,PENDING,0.0
d601228f,EARLY_BIRD,2026-09-18T19:00:00Z,Championship,Bristol City vs Watford,Pre-Match +EV,Bristol City,Betfred (UK),1.95,3.2,15.0,PENDING,0.0
de39229c,EARLY_BIRD,2026-09-19T11:30:00Z,Championship,Cardiff City vs Charlton Athletic,Pre-Match +EV,Cardiff City,Grosvenor,1.73,3.0,15.0,PENDING,0.0
85e4835d,EARLY_BIRD,2026-09-19T11:30:00Z,Championship,Millwall vs West Ham United,Pre-Match +EV,Draw,Unibet (NL),3.85,3.2,15.0,PENDING,0.0
79e9cd15,EARLY_BIRD,2026-09-19T11:30:00Z,Championship,Stoke City vs Sheffield United,Pre-Match +EV,Stoke City,LeoVegas (SE),2.7,4.7,15.0,PENDING,0.0
a84bd596,EARLY_BIRD,2026-09-19T14:00:00Z,Championship,Birmingham City vs Middlesbrough,Pre-Match +EV,Birmingham City,LeoVegas (SE),3.05,3.4,15.0,PENDING,0.0
ebb3a2f0,EARLY_BIRD,2026-09-19T14:00:00Z,Championship,Portsmouth vs Blackburn Rovers,Pre-Match +EV,Portsmouth,Casumo,2.14,3.9,15.0,PENDING,0.0
d5e97433,EARLY_BIRD,2026-09-19T14:00:00Z,Championship,Burnley vs Derby County,Pre-Match +EV,Derby County,LeoVegas (SE),4.5,4.7,15.0,PENDING,0.0
4aa13e35,EARLY_BIRD,2026-09-19T14:00:00Z,Championship,Lincoln City vs Swansea City,Pre-Match +EV,Draw,Coolbet,3.6,3.4,15.0,LOST,-15.0
345d0195,EARLY_BIRD,2026-09-19T14:00:00Z,Championship,Queens Park Rangers vs Preston North End,Pre-Match +EV,Preston North End,Virgin Bet,4.8,6.0,15.0,PENDING,0.0
dc42b548,EARLY_BIRD,2026-09-19T14:00:00Z,Championship,Wrexham AFC vs Southampton,Pre-Match +EV,Wrexham AFC,LeoVegas (SE),3.1,5.1,15.0,PENDING,0.0
6aff8649,EARLY_BIRD,2026-09-20T11:00:00Z,Championship,Wolverhampton Wanderers vs West Bromwich Albion,Pre-Match +EV,West Bromwich Albion,Betsson,4.67,4.2,15.0,PENDING,0.0
c997a6d7,EARLY_BIRD,2026-09-20T12:30:00Z,Championship,Norwich City vs Bolton Wanderers,Pre-Match +EV,Bolton Wanderers,Betsson,5.85,8.1,15.0,PENDING,0.0
38ac2cca,CORE_EV,2026-09-16T18:45:00Z,EFL Cup,Everton vs Wolverhampton Wanderers,Pre-Match +EV,Draw,Winamax (DE),4.5,3.0,15.0,PENDING,0.0
031d01d4,CORE_EV,2026-09-16T18:45:00Z,EFL Cup,Fleetwood Town vs Sheffield United,Pre-Match +EV,Fleetwood Town,Betfair,5.5,9.3,15.0,PENDING,0.0
b4c889e0,CORE_EV,2026-09-16T19:00:00Z,EFL Cup,Coventry City vs Aston Villa,Pre-Match +EV,Coventry City,Betfair,3.3,5.1,15.0,PENDING,0.0
30c0b865,CORE_EV,2026-09-16T19:00:00Z,EFL Cup,Manchester United vs Brighton and Hove Albion,Pre-Match +EV,Brighton and Hove Albion,Betfair,4.1,9.3,15.0,PENDING,0.0
bf1152d7,CORE_EV,2026-09-17T18:30:00Z,EFL Cup,Manchester City vs Norwich City,Pre-Match +EV,Norwich City,Betfair,20.0,23.5,15.0,LOST,-15.0
0f7438a1,CORE_EV,2026-09-17T19:00:00Z,League 1,Wimbledon vs Milton Keynes Dons,Pre-Match +EV,Wimbledon,Unibet (UK),3.0,4.2,15.0,PENDING,0.0
db555f29,EARLY_BIRD,2026-09-19T11:30:00Z,League 1,Barnsley vs Leicester City,Pre-Match +EV,Barnsley,Unibet (SE),3.45,5.8,15.0,PENDING,0.0
b2ddf50a,EARLY_BIRD,2026-09-19T11:30:00Z,League 1,Burton Albion vs Mansfield Town,Pre-Match +EV,Draw,Betfred (UK),3.5,4.5,15.0,PENDING,0.0
307e42b8,EARLY_BIRD,2026-09-19T14:00:00Z,League 1,Blackpool vs Plymouth Argyle,Pre-Match +EV,Blackpool,Betfair,2.76,4.9,15.0,PENDING,0.0
d43d5df4,EARLY_BIRD,2026-09-19T14:00:00Z,League 1,Luton vs Bradford City,Pre-Match +EV,Luton,Betfair,2.14,4.9,15.0,PENDING,0.0
7b12fd24,EARLY_BIRD,2026-09-19T14:00:00Z,League 1,Bromley FC vs Huddersfield Town,Pre-Match +EV,Huddersfield Town,Unibet (NL),1.65,4.4,15.0,PENDING,0.0
9d18fa23,EARLY_BIRD,2026-09-19T14:00:00Z,League 1,Oxford United vs Cambridge United,Pre-Match +EV,Cambridge United,Unibet (NL),3.4,5.3,15.0,LOST,-15.0
db13f97a,EARLY_BIRD,2026-09-19T14:00:00Z,League 1,Peterborough United vs Doncaster Rovers,Pre-Match +EV,Peterborough United,Unibet (SE),2.4,4.3,15.0,PENDING,0.0
f379d862,EARLY_BIRD,2026-09-19T14:00:00Z,League 1,Leyton Orient vs Stevenage,Pre-Match +EV,Stevenage,LiveScore Bet,3.25,4.8,15.0,PENDING,0.0
7eca51f6,EARLY_BIRD,2026-09-19T14:00:00Z,League 1,Reading vs Notts County,Pre-Match +EV,Reading,Unibet (NL),1.85,5.1,15.0,PENDING,0.0
2aa3803f,EARLY_BIRD,2026-09-19T14:00:00Z,League 1,Sheffield Wednesday vs Stockport County FC,Pre-Match +EV,Stockport County FC,Unibet (NL),2.38,5.8,15.0,PENDING,0.0
96661542,EARLY_BIRD,2026-09-19T14:00:00Z,League 1,Wigan Athletic vs Wycombe Wanderers,Pre-Match +EV,Wycombe Wanderers,Unibet (SE),2.8,5.7,15.0,PENDING,0.0
8fdb91f9,EARLY_BIRD,2026-09-19T11:30:00Z,League 2,Rochdale vs Oldham Athletic,Pre-Match +EV,Oldham Athletic,Betfred (UK),2.0,4.7,15.0,PENDING,0.0
d522a546,EARLY_BIRD,2026-09-19T11:30:00Z,League 2,Walsall vs Port Vale,Pre-Match +EV,Draw,Betfred (UK),3.4,8.3,15.0,PENDING,0.0
af768283,EARLY_BIRD,2026-09-19T14:00:00Z,League 2,Accrington Stanley vs Newport County,Pre-Match +EV,Draw,Betfred (UK),3.6,3.2,15.0,PENDING,0.0
52ce819c,EARLY_BIRD,2026-09-19T14:00:00Z,League 2,Barnet vs Fleetwood Town,Pre-Match +EV,Barnet,LiveScore Bet,1.78,4.7,15.0,PENDING,0.0
2f32312d,EARLY_BIRD,2026-09-19T14:00:00Z,League 2,Gillingham vs Bristol Rovers,Pre-Match +EV,Gillingham,Unibet (UK),3.7,3.4,15.0,PENDING,0.0
b1f784d7,EARLY_BIRD,2026-09-19T14:00:00Z,League 2,Chesterfield FC vs York City,Pre-Match +EV,Draw,Betfred (UK),3.6,4.0,15.0,PENDING,0.0
9cbea7d7,EARLY_BIRD,2026-09-19T14:00:00Z,League 2,Grimsby Town vs Crawley Town,Pre-Match +EV,Grimsby Town,Ladbrokes,1.48,5.0,15.0,PENDING,0.0
413ff01a,EARLY_BIRD,2026-09-19T14:00:00Z,League 2,Crewe Alexandra vs Shrewsbury Town,Pre-Match +EV,Shrewsbury Town,Unibet (SE),3.95,4.8,15.0,PENDING,0.0
15f3f051,EARLY_BIRD,2026-09-19T14:00:00Z,League 2,Exeter City vs Tranmere Rovers,Pre-Match +EV,Exeter City,Betfair,2.32,3.6,15.0,PENDING,0.0
fa33a3a9,EARLY_BIRD,2026-09-19T14:00:00Z,League 2,Northampton Town vs Rotherham United,Pre-Match +EV,Rotherham United,Betfred (UK),3.0,11.9,15.0,PENDING,0.0
5b217104,EARLY_BIRD,2026-09-19T14:00:00Z,League 2,Salford City vs Swindon Town,Pre-Match +EV,Salford City,Betfred (UK),1.57,4.0,15.0,PENDING,0.0
f206d71e,EARLY_BIRD,2026-09-18T19:00:00Z,EPL,Brentford vs Chelsea,Pre-Match +EV,Brentford,Betfair,3.05,5.2,15.0,PENDING,0.0
bbb0fbc0,EARLY_BIRD,2026-09-19T11:30:00Z,EPL,Tottenham Hotspur vs Aston Villa,Pre-Match +EV,Aston Villa,Betfair,3.8,3.3,15.0,PENDING,0.0
bb5948d3,EARLY_BIRD,2026-09-19T14:00:00Z,EPL,Brighton and Hove Albion vs Arsenal,Pre-Match +EV,Brighton and Hove Albion,Betfair,5.1,8.1,15.0,PENDING,0.0
09727f7a,EARLY_BIRD,2026-09-19T14:00:00Z,EPL,Everton vs Ipswich Town,Pre-Match +EV,Ipswich Town,Betfair,4.8,4.3,15.0,PENDING,0.0
c6d6a180,EARLY_BIRD,2026-09-19T14:00:00Z,EPL,Newcastle United vs Hull City,Pre-Match +EV,Hull City,1xBet,5.6,8.5,15.0,LOST,-15.0
dae515df,EARLY_BIRD,2026-09-19T16:30:00Z,EPL,Nottingham Forest vs Coventry City,Pre-Match +EV,Coventry City,Betfair,5.6,7.9,15.0,PENDING,0.0
1922690c,EARLY_BIRD,2026-09-20T13:00:00Z,EPL,Bournemouth vs Liverpool,Pre-Match +EV,Bournemouth,1xBet,3.14,3.0,15.0,PENDING,0.0
71d46f7e,EARLY_BIRD,2026-09-20T13:00:00Z,EPL,Leeds United vs Crystal Palace,Pre-Match +EV,Crystal Palace,Betfair,4.8,4.1,15.0,PENDING,0.0
8eb80f2d,EARLY_BIRD,2026-09-20T13:00:00Z,EPL,Manchester City vs Sunderland,Pre-Match +EV,Sunderland,Betfred (UK),11.0,9.8,15.0,PENDING,0.0
e1926f1c,EARLY_BIRD,2026-09-20T15:30:00Z,EPL,Fulham vs Manchester United,Pre-Match +EV,Fulham,1xBet,3.63,3.1,15.0,PENDING,0.0
31db0043,EARLY_BIRD,2026-10-10T11:30:00Z,EPL,Arsenal vs Leeds United,Pre-Match +EV,Leeds United,Betfred (UK),10.0,7.0,15.0,PENDING,0.0
05bc567f,EARLY_BIRD,2026-10-10T14:00:00Z,EPL,Aston Villa vs Brentford,Pre-Match +EV,Aston Villa,1xBet,2.54,5.0,15.0,PENDING,0.0
f571adf7,EARLY_BIRD,2026-10-10T14:00:00Z,EPL,Chelsea vs Bournemouth,Pre-Match +EV,Draw,Betfred (UK),4.2,4.5,15.0,PENDING,0.0
26d9737e,EARLY_BIRD,2026-10-10T14:00:00Z,EPL,Sunderland vs Brighton and Hove Albion,Pre-Match +EV,Brighton and Hove Albion,1xBet,2.47,4.2,15.0,PENDING,0.0
ad57b91f,EARLY_BIRD,2026-10-10T14:00:00Z,EPL,Ipswich Town vs Fulham,Pre-Match +EV,Fulham,1xBet,2.61,3.2,15.0,PENDING,0.0
0a7ba461,EARLY_BIRD,2026-10-10T16:30:00Z,EPL,Manchester United vs Tottenham Hotspur,Pre-Match +EV,Tottenham Hotspur,Betfred (UK),5.0,5.5,15.0,PENDING,0.0
2e538480,EARLY_BIRD,2026-10-11T13:00:00Z,EPL,Crystal Palace vs Nottingham Forest,Pre-Match +EV,Nottingham Forest,Unibet (UK),2.7,3.1,15.0,PENDING,0.0
b414505a,EARLY_BIRD,2026-10-11T13:00:00Z,EPL,Hull City vs Everton,Pre-Match +EV,Hull City,1xBet,3.87,4.6,15.0,PENDING,0.0
29ab6ef6,EARLY_BIRD,2026-10-11T15:30:00Z,EPL,Liverpool vs Manchester City,Pre-Match +EV,Liverpool,1xBet,3.27,3.2,15.0,PENDING,0.0
7146da8d,EARLY_BIRD,2026-10-12T19:00:00Z,EPL,Coventry City vs Newcastle United,Pre-Match +EV,Draw,1xBet,3.85,9.1,15.0,PENDING,0.0
f390e58c,EARLY_BIRD,2026-09-18T15:00:00Z,Veikkausliiga - Finland,FC Lahti vs Jaro,Pre-Match +EV,Jaro,GTbets,5.76,6.1,15.0,PENDING,0.0
2b2c3ad0,EARLY_BIRD,2026-09-18T15:00:00Z,Veikkausliiga - Finland,SJK Seinäjoki vs IFK Mariehamn,Pre-Match +EV,SJK Seinäjoki,Coolbet,1.86,5.7,15.0,PENDING,0.0
d4840668,EARLY_BIRD,2026-09-18T16:00:00Z,Veikkausliiga - Finland,AC Oulu vs FC Inter Turku,Pre-Match +EV,FC Inter Turku,GTbets,1.98,7.0,15.0,PENDING,0.0
9c08c78c,EARLY_BIRD,2026-09-18T16:00:00Z,Veikkausliiga - Finland,IF Gnistan vs HJK Helsinki,Pre-Match +EV,HJK Helsinki,GTbets,1.95,4.8,15.0,PENDING,0.0
855b90b3,EARLY_BIRD,2026-09-19T12:00:00Z,Veikkausliiga - Finland,TPS Turku vs Ilves Tampere,Pre-Match +EV,TPS Turku,Coolbet,2.67,3.1,15.0,PENDING,0.0
73c0ca14,EARLY_BIRD,2026-09-19T14:00:00Z,Veikkausliiga - Finland,VPS Vaasa vs KuPS Kuopio,Pre-Match +EV,KuPS Kuopio,GTbets,2.37,5.8,15.0,PENDING,0.0
79db33df,EARLY_BIRD,2026-09-18T18:45:00Z,Ligue 1 - France,AS Monaco vs RC Lens,Pre-Match +EV,Draw,Betfred (UK),4.0,6.4,15.0,PENDING,0.0
06a9199b,EARLY_BIRD,2026-09-19T15:15:00Z,Ligue 1 - France,Paris FC vs Strasbourg,Pre-Match +EV,Paris FC,Coolbet,2.08,3.5,15.0,PENDING,0.0
694045e4,EARLY_BIRD,2026-09-19T18:45:00Z,Ligue 1 - France,Angers vs Troyes,Pre-Match +EV,Troyes,Betfair,3.55,5.7,15.0,PENDING,0.0
9ff9e7c1,EARLY_BIRD,2026-09-19T18:45:00Z,Ligue 1 - France,Toulouse vs Le Havre,Pre-Match +EV,Le Havre,Betfair,4.7,4.4,15.0,PENDING,0.0
1d3324d6,EARLY_BIRD,2026-09-19T18:45:00Z,Ligue 1 - France,Le Mans FC vs Lorient,Pre-Match +EV,Le Mans FC,1xBet,2.79,3.0,15.0,PENDING,0.0
bafe4959,EARLY_BIRD,2026-09-19T18:45:00Z,Ligue 1 - France,Lyon vs Rennes,Pre-Match +EV,Draw,Betfred (UK),4.0,4.4,15.0,PENDING,0.0
f679d9db,EARLY_BIRD,2026-09-20T13:00:00Z,Ligue 1 - France,Auxerre vs Brest,Pre-Match +EV,Auxerre,1xBet,2.8,4.1,15.0,PENDING,0.0
6743f731,EARLY_BIRD,2026-09-20T15:15:00Z,Ligue 1 - France,Nice vs Lille,Pre-Match +EV,Nice,Tipico,3.9,4.6,15.0,PENDING,0.0
48cec3df,EARLY_BIRD,2026-09-20T18:45:00Z,Ligue 1 - France,Marseille vs Paris Saint Germain,Pre-Match +EV,Marseille,1xBet,6.93,3.3,15.0,PENDING,0.0
3ba0bb48,EARLY_BIRD,2026-09-18T18:00:00Z,Ligue 2 - France,Annecy FC vs Dijon,Pre-Match +EV,Dijon,Unibet (UK),3.4,4.3,15.0,PENDING,0.0
b56da8e9,EARLY_BIRD,2026-09-18T18:00:00Z,Ligue 2 - France,Grenoble vs Clermont,Pre-Match +EV,Grenoble,Betfair,2.32,3.6,15.0,PENDING,0.0
58188262,EARLY_BIRD,2026-09-18T18:00:00Z,Ligue 2 - France,Stade de Reims vs Montpellier,Pre-Match +EV,Montpellier,Smarkets,4.3,3.4,15.0,PENDING,0.0
d8e06dc8,EARLY_BIRD,2026-09-18T18:00:00Z,Ligue 2 - France,Rodez AF vs Nancy,Pre-Match +EV,Rodez AF,Coolbet,2.3,3.1,15.0,PENDING,0.0
98a797ae,EARLY_BIRD,2026-09-18T18:00:00Z,Ligue 2 - France,Pau FC vs USL Dunkerque,Pre-Match +EV,Draw,Coolbet,3.6,6.8,15.0,PENDING,0.0
36bbfab4,EARLY_BIRD,2026-09-18T18:00:00Z,Ligue 2 - France,Stade Lavallois vs Sochaux,Pre-Match +EV,Stade Lavallois,888sport,2.38,4.8,15.0,PENDING,0.0
93c2026a,EARLY_BIRD,2026-09-19T12:00:00Z,Ligue 2 - France,Boulogne vs Nantes,Pre-Match +EV,Boulogne,Unibet (UK),3.6,5.3,15.0,PENDING,0.0
0dcc563d,EARLY_BIRD,2026-09-19T12:00:00Z,Ligue 2 - France,Guingamp vs Red Star,Pre-Match +EV,Red Star,Casumo,3.2,7.7,15.0,PENDING,0.0
e00516b1,EARLY_BIRD,2026-09-19T18:00:00Z,Ligue 2 - France,Metz vs Saint Etienne,Pre-Match +EV,Saint Etienne,Unibet (SE),2.07,3.5,15.0,PENDING,0.0
75b623a4,EARLY_BIRD,2026-09-18T18:30:00Z,Bundesliga - Germany,Bayern Munich vs Union Berlin,Pre-Match +EV,Union Berlin,1xBet,38.0,47.5,15.0,PENDING,0.0
90e47a44,EARLY_BIRD,2026-09-19T13:30:00Z,Bundesliga - Germany,Hamburger SV vs 1. FC Köln,Pre-Match +EV,Hamburger SV,Coolbet,2.85,3.3,15.0,PENDING,0.0
df75264e,EARLY_BIRD,2026-09-19T13:30:00Z,Bundesliga - Germany,Werder Bremen vs Augsburg,Pre-Match +EV,Werder Bremen,Betfair,2.4,3.9,15.0,PENDING,0.0
01b30530,EARLY_BIRD,2026-09-19T13:30:00Z,Bundesliga - Germany,Borussia Monchengladbach vs FSV Mainz 05,Pre-Match +EV,FSV Mainz 05,Unibet (SE),2.35,3.1,15.0,PENDING,0.0
8f2eeaf5,EARLY_BIRD,2026-09-19T13:30:00Z,Bundesliga - Germany,Eintracht Frankfurt vs SC Freiburg,Pre-Match +EV,Eintracht Frankfurt,1xBet,2.43,3.0,15.0,PENDING,0.0
056fa8c1,EARLY_BIRD,2026-09-19T16:30:00Z,Bundesliga - Germany,VfB Stuttgart vs Borussia Dortmund,Pre-Match +EV,Draw,Betfred (UK),4.0,7.8,15.0,PENDING,0.0
1eb6175c,EARLY_BIRD,2026-09-20T13:30:00Z,Bundesliga - Germany,Bayer Leverkusen vs RB Leipzig,Pre-Match +EV,RB Leipzig,1xBet,3.44,3.9,15.0,PENDING,0.0
613899de,EARLY_BIRD,2026-09-20T15:30:00Z,Bundesliga - Germany,FC Schalke 04 vs Elversberg,Pre-Match +EV,Draw,888sport,3.75,3.6,15.0,PENDING,0.0
d50d342a,EARLY_BIRD,2026-09-20T17:30:00Z,Bundesliga - Germany,SC Paderborn vs TSG Hoffenheim,Pre-Match +EV,SC Paderborn,Nordic Bet,4.65,4.0,15.0,PENDING,0.0
e8071ed8,EARLY_BIRD,2026-09-18T16:30:00Z,Bundesliga 2 - Germany,Greuther Fürth vs 1. FC Magdeburg,Pre-Match +EV,1. FC Magdeburg,Casumo,2.4,3.9,15.0,PENDING,0.0
06edb9ee,EARLY_BIRD,2026-09-18T16:30:00Z,Bundesliga 2 - Germany,VfL Wolfsburg vs SV Darmstadt 98,Pre-Match +EV,SV Darmstadt 98,Grosvenor,5.2,5.1,15.0,PENDING,0.0
26e30e68,EARLY_BIRD,2026-09-19T11:00:00Z,Bundesliga 2 - Germany,1. FC Kaiserslautern vs Eintracht Braunschweig,Pre-Match +EV,1. FC Kaiserslautern,Casumo,2.0,3.6,15.0,PENDING,0.0
2b8f7fc1,EARLY_BIRD,2026-09-19T11:00:00Z,Bundesliga 2 - Germany,Karlsruher SC vs 1. FC Nürnberg,Pre-Match +EV,1. FC Nürnberg,Casumo,2.28,5.1,15.0,PENDING,0.0
33b64a78,EARLY_BIRD,2026-09-19T11:00:00Z,Bundesliga 2 - Germany,Holstein Kiel vs VfL Osnabrück,Pre-Match +EV,Holstein Kiel,Betfair,1.82,4.6,15.0,PENDING,0.0
b8573946,EARLY_BIRD,2026-09-19T18:30:00Z,Bundesliga 2 - Germany,Dynamo Dresden vs Hertha Berlin,Pre-Match +EV,Hertha Berlin,Grosvenor,2.55,5.4,15.0,PENDING,0.0
028c8d58,EARLY_BIRD,2026-09-20T11:30:00Z,Bundesliga 2 - Germany,Arminia Bielefeld vs 1. FC Heidenheim,Pre-Match +EV,Draw,Coolbet,4.0,7.2,15.0,PENDING,0.0
91b28925,EARLY_BIRD,2026-09-20T11:30:00Z,Bundesliga 2 - Germany,FC Energie Cottbus vs FC St. Pauli,Pre-Match +EV,FC St. Pauli,Tipico,2.15,5.4,15.0,PENDING,0.0
1b16c1cb,EARLY_BIRD,2026-09-20T11:30:00Z,Bundesliga 2 - Germany,Hannover 96 vs VfL Bochum,Pre-Match +EV,VfL Bochum,Tipico,4.2,5.0,15.0,PENDING,0.0
65e8bd4c,CORE_EV,2026-09-16T17:00:00Z,3. Liga - Germany,FC Ingolstadt 04 vs TSG Hoffenheim II,Pre-Match +EV,Draw,Betfair,4.1,4.1,15.0,PENDING,0.0
0c1d2c8b,CORE_EV,2026-09-16T17:00:00Z,3. Liga - Germany,Hansa Rostock vs VfB Stuttgart II,Pre-Match +EV,Hansa Rostock,Grosvenor,1.61,5.9,15.0,PENDING,0.0
723f6af4,CORE_EV,2026-09-16T17:00:00Z,3. Liga - Germany,Waldhof Mannheim vs Rot-Weiss Essen,Pre-Match +EV,Rot-Weiss Essen,Betfair,2.3,3.6,15.0,PENDING,0.0
0f98a413,CORE_EV,2026-09-16T17:00:00Z,3. Liga - Germany,SC Fortuna Köln vs Wehen Wiesbaden,Pre-Match +EV,Draw,Betfair,3.5,3.2,15.0,PENDING,0.0
47119757,EARLY_BIRD,2026-09-18T17:00:00Z,3. Liga - Germany,SC Verl vs FC Würzburger Kickers,Pre-Match +EV,FC Würzburger Kickers,Tipico,3.5,5.7,15.0,PENDING,0.0
a243c68b,EARLY_BIRD,2026-09-19T12:00:00Z,3. Liga - Germany,Alemannia Aachen vs Fortuna Düsseldorf,Pre-Match +EV,Draw,Tipico,3.8,3.5,15.0,PENDING,0.0
9d82dbf5,EARLY_BIRD,2026-09-19T16:00:00Z,Super League - Greece,Atromitos Athens vs AE Kifisia FC,Pre-Match +EV,AE Kifisia FC,Tipico,3.9,4.3,15.0,PENDING,0.0
8acfd1ca,EARLY_BIRD,2026-09-19T16:30:00Z,Super League - Greece,Aris Thessaloniki vs Iraklis FC,Pre-Match +EV,Aris Thessaloniki,Unibet (NL),1.7,4.9,15.0,PENDING,0.0
0f2dbc08,EARLY_BIRD,2026-09-20T14:00:00Z,Super League - Greece,Levadiakos vs Olympiakos Piraeus,Pre-Match +EV,Levadiakos,Betfair Sportsbook,8.0,5.8,15.0,PENDING,0.0
0484da06,EARLY_BIRD,2026-09-20T15:00:00Z,Super League - Greece,Volos FC vs AEK Athens,Pre-Match +EV,Volos FC,Paddy Power,8.5,4.4,15.0,PENDING,0.0
60c4f337,EARLY_BIRD,2026-09-20T16:00:00Z,Super League - Greece,OFI Crete vs Asteras Tripolis,Pre-Match +EV,Asteras Tripolis,Tipico,3.5,5.7,15.0,PENDING,0.0
86af7a4b,EARLY_BIRD,2026-09-20T16:30:00Z,Super League - Greece,Kalamata FC vs Panathinaikos,Pre-Match +EV,Panathinaikos,Tipico,1.4,3.7,15.0,PENDING,0.0
363be7d1,EARLY_BIRD,2026-09-20T18:00:00Z,Super League - Greece,Panetolikos Agrinio vs PAOK Thessaloniki,Pre-Match +EV,Panetolikos Agrinio,Tipico,6.0,5.6,15.0,PENDING,0.0
268bb21d,EARLY_BIRD,2026-09-18T18:45:00Z,Serie A - Italy,Monza vs Sassuolo,Pre-Match +EV,Monza,Smarkets,3.2,3.6,15.0,PENDING,0.0
3cbd2951,EARLY_BIRD,2026-09-19T13:00:00Z,Serie A - Italy,Bologna vs Torino,Pre-Match +EV,Torino,Smarkets,4.2,3.2,15.0,PENDING,0.0
78f98320,EARLY_BIRD,2026-09-19T13:00:00Z,Serie A - Italy,Udinese vs Cagliari,Pre-Match +EV,Draw,1xBet,3.4,3.0,15.0,PENDING,0.0
0bf5154f,EARLY_BIRD,2026-09-19T16:00:00Z,Serie A - Italy,AS Roma vs Inter Milan,Pre-Match +EV,Draw,Winamax (DE),3.6,4.0,15.0,PENDING,0.0
5d5b8ffb,EARLY_BIRD,2026-09-19T18:45:00Z,Serie A - Italy,Venezia vs Lazio,Pre-Match +EV,Lazio,1xBet,2.06,3.0,15.0,PENDING,0.0
115e430b,EARLY_BIRD,2026-09-20T10:30:00Z,Serie A - Italy,Fiorentina vs Napoli,Pre-Match +EV,Napoli,Betfair,2.34,3.5,15.0,PENDING,0.0
7d571ae7,EARLY_BIRD,2026-09-20T13:00:00Z,Serie A - Italy,Frosinone vs Como,Pre-Match +EV,Draw,Unibet (UK),4.75,8.2,15.0,PENDING,0.0
ed3a3dc6,EARLY_BIRD,2026-09-20T13:00:00Z,Serie A - Italy,Parma vs Genoa,Pre-Match +EV,Genoa,Smarkets,2.64,3.5,15.0,PENDING,0.0
9db9414f,EARLY_BIRD,2026-09-20T16:00:00Z,Serie A - Italy,Juventus vs Atalanta BC,Pre-Match +EV,Draw,Betfred (UK),4.0,3.4,15.0,PENDING,0.0
617bbd39,EARLY_BIRD,2026-09-20T18:45:00Z,Serie A - Italy,AC Milan vs Lecce,Pre-Match +EV,Lecce,1xBet,12.7,10.8,15.0,PENDING,0.0
aa1dc1e2,EARLY_BIRD,2026-09-18T18:30:00Z,Serie B - Italy,Juve Stabia vs Cesena FC,Pre-Match +EV,Cesena FC,Unibet (NL),3.25,5.2,15.0,PENDING,0.0
9fd7e256,EARLY_BIRD,2026-09-19T13:00:00Z,Serie B - Italy,Carrarese vs Benevento,Pre-Match +EV,Draw,Coolbet,3.5,4.5,15.0,PENDING,0.0
a5576506,EARLY_BIRD,2026-09-19T13:00:00Z,Serie B - Italy,Palermo vs Padova,Pre-Match +EV,Padova,Unibet (SE),5.6,4.7,15.0,PENDING,0.0
a2d7ce1d,EARLY_BIRD,2026-09-19T17:30:00Z,Serie B - Italy,Ascoli vs Avellino,Pre-Match +EV,Ascoli,Coolbet,2.15,4.4,15.0,PENDING,0.0
a4231160,EARLY_BIRD,2026-09-20T13:00:00Z,Serie B - Italy,Arezzo vs Südtirol,Pre-Match +EV,Draw,Coolbet,3.25,3.8,15.0,PENDING,0.0
69fd32ec,EARLY_BIRD,2026-09-20T13:00:00Z,Serie B - Italy,Hellas Verona vs Vicenza,Pre-Match +EV,Vicenza,Unibet (SE),4.25,8.7,15.0,PENDING,0.0
c7dcea1a,EARLY_BIRD,2026-09-20T15:15:00Z,Serie B - Italy,Mantova vs Pisa,Pre-Match +EV,Pisa,Unibet (SE),2.8,7.7,15.0,PENDING,0.0
3b4b3c4a,EARLY_BIRD,2026-09-20T17:30:00Z,Serie B - Italy,Modena vs Empoli,Pre-Match +EV,Modena,Unibet (NL),1.74,4.8,15.0,PENDING,0.0
b775bb2e,EARLY_BIRD,2026-09-19T09:00:00Z,J League,Avispa Fukuoka vs Hiroshima Sanfrecce FC,Pre-Match +EV,Avispa Fukuoka,Tipico,4.2,5.5,15.0,PENDING,0.0
cd74402f,EARLY_BIRD,2026-09-19T09:00:00Z,J League,Kawasaki Frontale vs Kashima Antlers,Pre-Match +EV,Kawasaki Frontale,1xBet,2.68,3.1,15.0,PENDING,0.0
47239646,EARLY_BIRD,2026-09-19T09:30:00Z,J League,V-Varen Nagasaki vs Cerezo Osaka,Pre-Match +EV,Draw,Coolbet,3.75,3.6,15.0,PENDING,0.0
833f5202,EARLY_BIRD,2026-09-19T09:30:00Z,J League,Shimizu S Pulse vs JEF United Chiba,Pre-Match +EV,Shimizu S Pulse,Coolbet,1.95,3.2,15.0,PENDING,0.0
d369ef2d,EARLY_BIRD,2026-09-19T09:30:00Z,J League,Urawa Red Diamonds vs Tokyo Verdy,Pre-Match +EV,Tokyo Verdy,Tipico,4.9,3.8,15.0,PENDING,0.0
17932d49,EARLY_BIRD,2026-09-19T10:00:00Z,J League,FC Tokyo vs Nagoya Grampus,Pre-Match +EV,Nagoya Grampus,Tipico,4.2,4.2,15.0,PENDING,0.0
966c8783,EARLY_BIRD,2026-09-20T08:00:00Z,J League,FC Machida Zelvia vs Kashiwa Reysol,Pre-Match +EV,Draw,Coolbet,3.5,3.2,15.0,PENDING,0.0
1bcbbfa4,EARLY_BIRD,2026-09-19T07:30:00Z,K League 1,Bucheon FC 1995 vs Sangju Sangmu FC,Pre-Match +EV,Sangju Sangmu FC,Tipico,2.35,3.1,15.0,PENDING,0.0
afa51bbe,EARLY_BIRD,2026-09-19T10:00:00Z,K League 1,FC Anyang vs Ulsan Hyundai FC,Pre-Match +EV,FC Anyang,Tipico,3.7,4.5,15.0,PENDING,0.0
ac54d782,EARLY_BIRD,2026-09-20T07:30:00Z,K League 1,Gangwon FC vs Jeju United FC,Pre-Match +EV,Jeju United FC,LeoVegas (SE),3.75,6.5,15.0,PENDING,0.0
03d551a3,EARLY_BIRD,2026-09-20T10:00:00Z,K League 1,Incheon United vs Daejeon Citizen,Pre-Match +EV,Draw,Coolbet,3.5,3.6,15.0,PENDING,0.0
6774d054,EARLY_BIRD,2026-09-18T18:45:00Z,League of Ireland,Derry City vs Galway United,Pre-Match +EV,Galway United,PMU (FR),4.1,6.2,15.0,PENDING,0.0
69760de4,EARLY_BIRD,2026-09-18T19:00:00Z,League of Ireland,Shamrock Rovers vs Waterford FC,Pre-Match +EV,Waterford FC,Coolbet,6.75,7.5,15.0,PENDING,0.0
92610001,EARLY_BIRD,2026-09-19T18:45:00Z,League of Ireland,Sligo Rovers vs St Patricks Athletic,Pre-Match +EV,St Patricks Athletic,Grosvenor,1.43,3.6,15.0,PENDING,0.0
e6632347,EARLY_BIRD,2026-09-19T01:00:00Z,Liga MX,Puebla vs Atlante FC,Pre-Match +EV,Draw,Betfair Sportsbook,3.75,5.6,15.0,PENDING,0.0
15752730,EARLY_BIRD,2026-09-19T03:00:00Z,Liga MX,FC Juárez vs Tigres,Pre-Match +EV,FC Juárez,Betfair,4.3,5.1,15.0,PENDING,0.0
87b745dc,EARLY_BIRD,2026-09-19T23:00:00Z,Liga MX,Atlas vs Pumas,Pre-Match +EV,Draw,Grosvenor,3.3,7.8,15.0,PENDING,0.0
b322f2c7,EARLY_BIRD,2026-09-19T23:00:00Z,Liga MX,Atlético San Luis vs Necaxa,Pre-Match +EV,Draw,Betfair Sportsbook,3.7,5.7,15.0,PENDING,0.0
b2eb76dd,EARLY_BIRD,2026-09-20T01:10:00Z,Liga MX,Monterrey vs Cruz Azul,Pre-Match +EV,Draw,Betfair,3.8,3.5,15.0,PENDING,0.0
ba9b8387,EARLY_BIRD,2026-09-20T03:15:00Z,Liga MX,América vs Guadalajara,Pre-Match +EV,Draw,Coolbet,3.6,3.7,15.0,PENDING,0.0
c7bd433e,EARLY_BIRD,2026-09-21T00:00:00Z,Liga MX,Pachuca vs Tijuana,Pre-Match +EV,Pachuca,GTbets,1.83,4.6,15.0,PENDING,0.0
d89973e0,EARLY_BIRD,2026-09-21T00:00:00Z,Liga MX,Toluca vs Santos Laguna,Pre-Match +EV,Santos Laguna,1xBet,10.0,3.3,15.0,PENDING,0.0
3ca205ec,EARLY_BIRD,2026-09-18T18:00:00Z,Dutch Eredivisie,Groningen vs FC Zwolle,Pre-Match +EV,Draw,Codere (IT),4.3,7.8,15.0,PENDING,0.0
bf4bef95,EARLY_BIRD,2026-09-19T14:30:00Z,Dutch Eredivisie,ADO Den Haag vs SC Cambuur,Pre-Match +EV,SC Cambuur,1xBet,4.04,3.1,15.0,PENDING,0.0
41267288,EARLY_BIRD,2026-09-19T16:45:00Z,Dutch Eredivisie,Sparta Rotterdam vs Heerenveen,Pre-Match +EV,Sparta Rotterdam,Smarkets,2.7,7.6,15.0,PENDING,0.0
0882fe8b,EARLY_BIRD,2026-09-19T18:00:00Z,Dutch Eredivisie,Ajax vs Excelsior,Pre-Match +EV,Ajax,Nordic Bet,1.32,3.9,15.0,PENDING,0.0
f455aec2,EARLY_BIRD,2026-09-19T19:00:00Z,Dutch Eredivisie,Willem II vs Fortuna Sittard,Pre-Match +EV,Fortuna Sittard,Unibet (NL),2.75,6.6,15.0,PENDING,0.0
b71fc7f3,EARLY_BIRD,2026-09-20T10:15:00Z,Dutch Eredivisie,Feyenoord vs FC Utrecht,Pre-Match +EV,FC Utrecht,1xBet,10.1,15.4,15.0,PENDING,0.0
52611634,EARLY_BIRD,2026-09-20T12:30:00Z,Dutch Eredivisie,AZ Alkmaar vs SC Telstar,Pre-Match +EV,SC Telstar,1xBet,9.95,11.8,15.0,PENDING,0.0
c88dd1fa,EARLY_BIRD,2026-09-20T12:30:00Z,Dutch Eredivisie,FC Twente Enschede vs PSV Eindhoven,Pre-Match +EV,Draw,Nordic Bet,4.05,3.3,15.0,PENDING,0.0
f4ad7c3d,EARLY_BIRD,2026-09-20T14:45:00Z,Dutch Eredivisie,NEC Nijmegen vs Go Ahead Eagles,Pre-Match +EV,Draw,William Hill,4.2,5.3,15.0,PENDING,0.0
fc797531,EARLY_BIRD,2026-09-18T17:00:00Z,Eliteserien - Norway,Sarpsborg FK vs KFUM,Pre-Match +EV,Draw,Betfair,4.3,3.4,15.0,PENDING,0.0
f3e46c29,EARLY_BIRD,2026-09-19T14:00:00Z,Eliteserien - Norway,Kristiansund BK vs Rosenborg,Pre-Match +EV,Kristiansund BK,1xBet,5.39,3.1,15.0,PENDING,0.0
5027e1d6,EARLY_BIRD,2026-09-19T16:00:00Z,Eliteserien - Norway,Molde vs Aalesund,Pre-Match +EV,Draw,Unibet (UK),6.0,3.4,15.0,PENDING,0.0
dae00160,EARLY_BIRD,2026-09-20T12:30:00Z,Eliteserien - Norway,Vålerenga vs Fredrikstad FK,Pre-Match +EV,Fredrikstad FK,Unibet (NL),3.95,4.5,15.0,PENDING,0.0
75079a7f,EARLY_BIRD,2026-09-20T15:00:00Z,Eliteserien - Norway,Tromso vs HamKam,Pre-Match +EV,HamKam,Betsson,6.3,5.9,15.0,PENDING,0.0
176b87c2,EARLY_BIRD,2026-09-20T15:00:00Z,Eliteserien - Norway,Sandefjord vs IK Start,Pre-Match +EV,Sandefjord,Coolbet,2.1,3.4,15.0,PENDING,0.0
8f6f2306,EARLY_BIRD,2026-09-20T15:00:00Z,Eliteserien - Norway,Viking FK vs Lillestrom,Pre-Match +EV,Lillestrom,Nordic Bet,6.8,4.6,15.0,PENDING,0.0
251db27d,EARLY_BIRD,2026-09-20T17:15:00Z,Eliteserien - Norway,SK Brann vs Bodø/Glimt,Pre-Match +EV,Bodø/Glimt,GTbets,1.7,4.9,15.0,PENDING,0.0
6d771ef2,EARLY_BIRD,2026-09-18T16:00:00Z,Ekstraklasa - Poland,Widzew Łódź vs Wieczysta Kraków,Pre-Match +EV,Wieczysta Kraków,Casumo,3.7,12.1,15.0,PENDING,0.0
830489fd,EARLY_BIRD,2026-09-18T18:30:00Z,Ekstraklasa - Poland,Wisła Kraków vs Śląsk Wrocław,Pre-Match +EV,Śląsk Wrocław,Casumo,4.9,4.7,15.0,PENDING,0.0
8e3af8f4,EARLY_BIRD,2026-09-19T15:30:00Z,Ekstraklasa - Poland,GKS Katowice vs Cracovia Kraków,Pre-Match +EV,Cracovia Kraków,Unibet (SE),3.0,5.3,15.0,PENDING,0.0
d0bb5995,EARLY_BIRD,2026-09-19T18:15:00Z,Ekstraklasa - Poland,Motor Lublin vs Górnik Zabrze,Pre-Match +EV,Draw,Coolbet,3.85,4.3,15.0,PENDING,0.0
13bba0d1,EARLY_BIRD,2026-09-20T10:15:00Z,Ekstraklasa - Poland,Piast Gliwice vs Pogoń Szczecin,Pre-Match +EV,Pogoń Szczecin,Unibet (NL),2.85,4.8,15.0,PENDING,0.0
672fe8dc,EARLY_BIRD,2026-09-20T12:45:00Z,Ekstraklasa - Poland,Zagłębie Lubin vs Wisła Płock,Pre-Match +EV,Wisła Płock,Unibet (NL),2.9,3.6,15.0,PENDING,0.0
f97a0de6,EARLY_BIRD,2026-09-20T15:30:00Z,Ekstraklasa - Poland,Jagiellonia Białystok vs Legia Warszawa,Pre-Match +EV,Legia Warszawa,Unibet (SE),2.48,5.5,15.0,PENDING,0.0
ead033f5,EARLY_BIRD,2026-09-20T18:15:00Z,Ekstraklasa - Poland,Lech Poznań vs Radomiak Radom,Pre-Match +EV,Radomiak Radom,Coolbet,10.0,20.5,15.0,PENDING,0.0
f2f4e1f5,EARLY_BIRD,2026-09-19T14:30:00Z,Primeira Liga - Portugal,Gil Vicente vs CS Maritimo,Pre-Match +EV,Gil Vicente,Unibet (NL),2.0,3.1,15.0,PENDING,0.0
e3e30fbc,EARLY_BIRD,2026-09-19T14:30:00Z,Primeira Liga - Portugal,Nacional vs Famalicão,Pre-Match +EV,Draw,Coolbet,3.5,5.7,15.0,PENDING,0.0
c4d7139a,EARLY_BIRD,2026-09-19T17:00:00Z,Primeira Liga - Portugal,Alverca vs Rio Ave FC,Pre-Match +EV,Alverca,Virgin Bet,2.0,7.5,15.0,PENDING,0.0
8035df63,EARLY_BIRD,2026-09-20T14:30:00Z,Primeira Liga - Portugal,CF Estrela vs Académico de Viseu,Pre-Match +EV,Draw,GTbets,3.42,4.6,15.0,PENDING,0.0
d6e9a019,EARLY_BIRD,2026-09-20T14:30:00Z,Primeira Liga - Portugal,Vitória SC vs Moreirense FC,Pre-Match +EV,Moreirense FC,Casumo,6.5,9.2,15.0,PENDING,0.0
038f7454,EARLY_BIRD,2026-09-20T17:00:00Z,Primeira Liga - Portugal,Santa Clara vs Braga,Pre-Match +EV,Santa Clara,LiveScore Bet,3.9,4.3,15.0,PENDING,0.0
20a2f320,EARLY_BIRD,2026-09-20T17:00:00Z,Primeira Liga - Portugal,Estoril vs Casa Pia,Pre-Match +EV,Casa Pia,Betfair,4.7,6.6,15.0,PENDING,0.0
a4b7fd73,EARLY_BIRD,2026-09-20T19:30:00Z,Primeira Liga - Portugal,FC Porto vs Benfica,Pre-Match +EV,Draw,Coolbet,3.6,4.7,15.0,PENDING,0.0
f55e056c,CORE_EV,2026-09-16T17:45:00Z,Premier League - Russia,FC Baltika Kaliningrad vs Zenit St Petersburg,Pre-Match +EV,FC Baltika Kaliningrad,1xBet,4.05,4.7,15.0,PENDING,0.0
a4c132b8,CORE_EV,2026-09-16T17:45:00Z,Premier League - Russia,Lokomotiv Moscow vs Kryliya Sovetov,Pre-Match +EV,Kryliya Sovetov,1xBet,4.1,5.9,15.0,PENDING,0.0
9f292670,CORE_EV,2026-09-17T13:15:00Z,Premier League - Russia,Gazovik Orenburg vs FC Krasnodar,Pre-Match +EV,Draw,1xBet,4.11,8.4,15.0,PENDING,0.0
1c6f410f,CORE_EV,2026-09-17T15:30:00Z,Premier League - Russia,FK Rostov vs Dinamo Moscow,Pre-Match +EV,Draw,1xBet,3.42,4.3,15.0,PENDING,0.0
aad66f0d,CORE_EV,2026-09-17T15:30:00Z,Premier League - Russia,FC Akron Tolyatti vs FC Akhmat Grozny,Pre-Match +EV,FC Akhmat Grozny,1xBet,2.31,4.1,15.0,PENDING,0.0
0ed07510,CORE_EV,2026-09-17T17:45:00Z,Premier League - Russia,FC Dynamo Makhachkala vs CSKA Moscow,Pre-Match +EV,CSKA Moscow,1xBet,2.31,3.1,15.0,PENDING,0.0
34cfe887,CORE_EV,2026-09-16T19:30:00Z,La Liga - Spain,Levante vs Athletic Bilbao,Pre-Match +EV,Athletic Bilbao,1xBet,2.19,3.8,15.0,PENDING,0.0
503378a0,CORE_EV,2026-09-16T19:30:00Z,La Liga - Spain,Barcelona vs Real Racing Club de Santander,Pre-Match +EV,Real Racing Club de Santander,1xBet,37.0,43.2,15.0,PENDING,0.0
34e6b491,CORE_EV,2026-09-17T17:00:00Z,La Liga - Spain,Real Betis vs Getafe,Pre-Match +EV,Draw,1xBet,3.86,4.6,15.0,PENDING,0.0
ae71b4e1,CORE_EV,2026-09-17T19:30:00Z,La Liga - Spain,Málaga vs Villarreal,Pre-Match +EV,Málaga,1xBet,3.77,3.3,15.0,PENDING,0.0
74374e01,EARLY_BIRD,2026-09-18T19:00:00Z,La Liga - Spain,Espanyol vs Elche CF,Pre-Match +EV,Draw,Betfred (UK),3.6,6.5,15.0,PENDING,0.0
c6ada59c,EARLY_BIRD,2026-09-19T12:00:00Z,La Liga - Spain,CA Osasuna vs Rayo Vallecano,Pre-Match +EV,Rayo Vallecano,Smarkets,3.35,3.4,15.0,PENDING,0.0
e4c50844,EARLY_BIRD,2026-09-19T14:15:00Z,La Liga - Spain,Athletic Bilbao vs Alavés,Pre-Match +EV,Alavés,Smarkets,5.8,8.6,15.0,PENDING,0.0
f59a3fe6,EARLY_BIRD,2026-09-19T16:30:00Z,La Liga - Spain,Celta Vigo vs Real Racing Club de Santander,Pre-Match +EV,Real Racing Club de Santander,Matchbook,4.2,4.0,15.0,PENDING,0.0
0e6df0ac,EARLY_BIRD,2026-09-19T19:00:00Z,La Liga - Spain,Sevilla vs Barcelona,Pre-Match +EV,Sevilla,Betsson,12.5,4.6,15.0,PENDING,0.0
4101921e,EARLY_BIRD,2026-09-20T12:00:00Z,La Liga - Spain,Getafe vs Málaga,Pre-Match +EV,Draw,Betfred (UK),3.1,3.3,15.0,PENDING,0.0
d4335c30,EARLY_BIRD,2026-09-20T14:15:00Z,La Liga - Spain,Atlético Madrid vs Real Madrid,Pre-Match +EV,Draw,Betfred (UK),4.2,10.8,15.0,PENDING,0.0
5bf425ce,EARLY_BIRD,2026-09-20T16:30:00Z,La Liga - Spain,Deportivo La Coruña vs Real Betis,Pre-Match +EV,Deportivo La Coruña,Tipico,2.95,3.9,15.0,PENDING,0.0
9f10e591,EARLY_BIRD,2026-09-20T16:30:00Z,La Liga - Spain,Villarreal vs Levante,Pre-Match +EV,Levante,Betfred (UK),5.5,5.0,15.0,PENDING,0.0
a7dd52ef,EARLY_BIRD,2026-09-20T19:00:00Z,La Liga - Spain,Valencia vs Real Sociedad,Pre-Match +EV,Draw,Smarkets,3.5,4.2,15.0,PENDING,0.0
4e7e753d,EARLY_BIRD,2026-09-18T18:30:00Z,La Liga 2 - Spain,Albacete vs Córdoba,Pre-Match +EV,Córdoba,Unibet (SE),2.95,5.0,15.0,PENDING,0.0
08560bc2,EARLY_BIRD,2026-09-19T16:30:00Z,La Liga 2 - Spain,CD Castellón vs Tenerife,Pre-Match +EV,Draw,1xBet,4.38,3.1,15.0,PENDING,0.0
240840eb,EARLY_BIRD,2026-09-19T16:30:00Z,La Liga 2 - Spain,CD Eldense vs SD Eibar,Pre-Match +EV,Draw,Unibet (NL),3.25,6.9,15.0,PENDING,0.0
f9e83c8b,EARLY_BIRD,2026-09-19T19:00:00Z,La Liga 2 - Spain,Cádiz CF vs Girona FC,Pre-Match +EV,Draw,1xBet,3.61,3.7,15.0,PENDING,0.0
a06193ec,EARLY_BIRD,2026-09-20T12:00:00Z,La Liga 2 - Spain,Sabadell FC vs Oviedo,Pre-Match +EV,Draw,1xBet,3.08,3.0,15.0,PENDING,0.0
9be7a699,EARLY_BIRD,2026-09-20T14:15:00Z,La Liga 2 - Spain,AD Ceuta FC vs Real Valladolid CF,Pre-Match +EV,Real Valladolid CF,Unibet (SE),2.63,4.4,15.0,PENDING,0.0
17bbbcab,EARLY_BIRD,2026-09-20T16:30:00Z,La Liga 2 - Spain,Almería vs Celta Fortuna,Pre-Match +EV,Celta Fortuna,Coolbet,8.25,10.3,15.0,PENDING,0.0
97bf1a5e,EARLY_BIRD,2026-09-20T16:30:00Z,La Liga 2 - Spain,Las Palmas vs Burgos CF,Pre-Match +EV,Draw,LiveScore Bet,3.1,5.4,15.0,PENDING,0.0
948c5ee3,EARLY_BIRD,2026-09-20T19:00:00Z,La Liga 2 - Spain,Leganés vs Granada CF,Pre-Match +EV,Draw,1xBet,3.32,4.1,15.0,PENDING,0.0
7391ac6e,EARLY_BIRD,2026-09-19T14:00:00Z,Premiership - Scotland,Dundee FC vs Motherwell,Pre-Match +EV,Motherwell,Unibet (SE),2.28,3.6,15.0,PENDING,0.0
f317b394,EARLY_BIRD,2026-09-19T14:00:00Z,Premiership - Scotland,St Mirren vs Dundee United,Pre-Match +EV,Dundee United,Betsson,2.9,5.1,15.0,PENDING,0.0
05401115,EARLY_BIRD,2026-09-19T14:00:00Z,Premiership - Scotland,St Johnstone vs Falkirk F.C.,Pre-Match +EV,St Johnstone,Paddy Power,2.15,5.4,15.0,PENDING,0.0
50fe48e8,EARLY_BIRD,2026-09-19T16:45:00Z,Premiership - Scotland,Kilmarnock vs Hearts,Pre-Match +EV,Hearts,Nordic Bet,1.68,3.1,15.0,PENDING,0.0
28b6d650,EARLY_BIRD,2026-09-20T11:00:00Z,Premiership - Scotland,Celtic vs Rangers,Pre-Match +EV,Celtic,Smarkets,2.14,4.9,15.0,PENDING,0.0
c82a7d0d,EARLY_BIRD,2026-09-19T13:00:00Z,Allsvenskan - Sweden,IF Brommapojkarna vs IFK Goteborg,Pre-Match +EV,Draw,Unibet (SE),3.7,4.2,15.0,PENDING,0.0
1a2ec6bf,EARLY_BIRD,2026-09-19T13:00:00Z,Allsvenskan - Sweden,Västerås SK vs Malmo FF,Pre-Match +EV,Västerås SK,Grosvenor,3.3,6.1,15.0,PENDING,0.0
6c1745c1,EARLY_BIRD,2026-09-19T15:30:00Z,Allsvenskan - Sweden,Örgryte IS vs IK Sirius,Pre-Match +EV,Örgryte IS,Unibet (NL),6.75,27.6,15.0,PENDING,0.0
38e17d2d,EARLY_BIRD,2026-09-20T12:00:00Z,Allsvenskan - Sweden,Kalmar FF vs BK Hacken,Pre-Match +EV,Kalmar FF,Grosvenor,3.15,8.2,15.0,PENDING,0.0
e7f4b5c3,EARLY_BIRD,2026-09-20T12:00:00Z,Allsvenskan - Sweden,Djurgardens IF vs IF Elfsborg,Pre-Match +EV,Djurgardens IF,LeoVegas (SE),1.62,3.2,15.0,PENDING,0.0
991f603e,EARLY_BIRD,2026-09-20T14:30:00Z,Allsvenskan - Sweden,Degerfors IF vs Hammarby IF,Pre-Match +EV,Degerfors IF,PMU (FR),8.5,4.3,15.0,PENDING,0.0
ba0a9d24,EARLY_BIRD,2026-09-18T17:00:00Z,Superettan - Sweden,Falkenbergs FF vs Östersunds FK,Pre-Match +EV,Draw,Grosvenor,3.35,3.4,15.0,PENDING,0.0
72739515,EARLY_BIRD,2026-09-19T11:00:00Z,Superettan - Sweden,Östers IF vs IFK Norrkoping,Pre-Match +EV,Östers IF,LeoVegas (SE),4.35,6.9,15.0,PENDING,0.0
e4239db8,EARLY_BIRD,2026-09-19T11:00:00Z,Superettan - Sweden,Nordic United FC vs Landskrona BoIS,Pre-Match +EV,Nordic United FC,LeoVegas (SE),2.28,3.2,15.0,PENDING,0.0
d904d202,EARLY_BIRD,2026-09-19T13:00:00Z,Superettan - Sweden,IK Oddevold vs IFK Värnamo,Pre-Match +EV,IK Oddevold,LeoVegas (SE),2.2,4.8,15.0,PENDING,0.0
eb07eacd,EARLY_BIRD,2026-09-19T13:00:00Z,Superettan - Sweden,Varbergs BoIS vs IK Brage,Pre-Match +EV,Varbergs BoIS,LeoVegas (SE),1.82,5.8,15.0,PENDING,0.0
64481149,EARLY_BIRD,2026-09-19T15:00:00Z,Superettan - Sweden,Sandvikens IF vs Örebro SK,Pre-Match +EV,Örebro SK,LeoVegas (SE),3.55,10.6,15.0,PENDING,0.0
8e3192b2,EARLY_BIRD,2026-09-20T13:00:00Z,Superettan - Sweden,Helsingborgs IF vs Norrby IF,Pre-Match +EV,Norrby IF,LeoVegas (SE),3.35,5.0,15.0,PENDING,0.0
de58b0ce,CORE_EV,2026-09-16T17:00:00Z,Swiss Superleague,FC Lugano vs FC St Gallen,Pre-Match +EV,FC St Gallen,Betfair,3.25,5.5,15.0,PENDING,0.0
d35b5919,CORE_EV,2026-09-16T17:00:00Z,Swiss Superleague,FC Thun vs Servette,Pre-Match +EV,Draw,Smarkets,3.95,4.8,15.0,PENDING,0.0
68448373,EARLY_BIRD,2026-09-19T16:00:00Z,Swiss Superleague,FC Luzern vs Grasshopper Zürich,Pre-Match +EV,FC Luzern,GTbets,1.79,5.3,15.0,PENDING,0.0
7b6db0d6,EARLY_BIRD,2026-09-19T18:30:00Z,Swiss Superleague,FC Sion vs FC Zurich,Pre-Match +EV,Draw,Codere (IT),4.7,3.5,15.0,PENDING,0.0
8a796d95,EARLY_BIRD,2026-09-18T17:00:00Z,Turkey Super League,Kasimpasa SK vs Torku Konyaspor,Pre-Match +EV,Torku Konyaspor,Tipico,3.2,8.5,15.0,PENDING,0.0
4f822ec8,EARLY_BIRD,2026-09-19T14:00:00Z,Turkey Super League,Kocaelispor vs Gazişehir Gaziantep,Pre-Match +EV,Kocaelispor,Grosvenor,2.33,3.1,15.0,PENDING,0.0
9b9df9ec,EARLY_BIRD,2026-09-19T17:00:00Z,Turkey Super League,Basaksehir vs Genclerbirligi SK,Pre-Match +EV,Genclerbirligi SK,Nordic Bet,6.0,3.4,15.0,PENDING,0.0
700ebc42,EARLY_BIRD,2026-09-19T17:00:00Z,Turkey Super League,Trabzonspor vs Galatasaray,Pre-Match +EV,Trabzonspor,Unibet (NL),3.15,4.3,15.0,PENDING,0.0
b02d9567,EARLY_BIRD,2026-09-20T14:00:00Z,Turkey Super League,Erzurum BB vs Samsunspor,Pre-Match +EV,Draw,Unibet (SE),3.35,3.4,15.0,PENDING,0.0
8c2e2a16,EARLY_BIRD,2026-09-20T14:00:00Z,Turkey Super League,Fenerbahce vs Eyüpspor,Pre-Match +EV,Eyüpspor,Unibet (SE),14.0,8.1,15.0,PENDING,0.0
5e2267e0,EARLY_BIRD,2026-09-20T17:00:00Z,Turkey Super League,Amed SK vs Besiktas JK,Pre-Match +EV,Amed SK,Unibet (SE),4.5,13.6,15.0,PENDING,0.0
fe22fc59,EARLY_BIRD,2026-09-20T17:00:00Z,Turkey Super League,Goztepe vs Çaykur Rizespor,Pre-Match +EV,Goztepe,Casumo,2.5,5.0,15.0,PENDING,0.0
c2fad95f,EARLY_BIRD,2026-10-13T16:45:00Z,UEFA Champions League,RC Lens vs Sporting Lisbon,Pre-Match +EV,Draw,Betfair,3.9,3.4,15.0,PENDING,0.0
8bee10a0,EARLY_BIRD,2026-10-13T16:45:00Z,UEFA Champions League,Sabah FK vs Slavia Praha,Pre-Match +EV,Sabah FK,1xBet,3.72,3.0,15.0,PENDING,0.0
c2453585,EARLY_BIRD,2026-10-13T19:00:00Z,UEFA Champions League,Atlético Madrid vs Manchester United,Pre-Match +EV,Atlético Madrid,Betfred (UK),2.38,5.3,15.0,PENDING,0.0
447754ea,EARLY_BIRD,2026-10-13T19:00:00Z,UEFA Champions League,Viking FK vs Bayern Munich,Pre-Match +EV,Viking FK,Betfred (UK),19.0,23.7,15.0,PENDING,0.0
95993ed4,EARLY_BIRD,2026-10-13T19:00:00Z,UEFA Champions League,Inter Milan vs Club Brugge,Pre-Match +EV,Club Brugge,Betfred (UK),10.0,5.5,15.0,PENDING,0.0
db8dc07f,EARLY_BIRD,2026-10-13T19:00:00Z,UEFA Champions League,Villarreal vs Napoli,Pre-Match +EV,Draw,Betfred (UK),3.75,6.5,15.0,PENDING,0.0
0cdd6270,EARLY_BIRD,2026-10-13T19:00:00Z,UEFA Champions League,RB Leipzig vs PSV Eindhoven,Pre-Match +EV,PSV Eindhoven,Marathon Bet,3.3,4.4,15.0,PENDING,0.0
e86281ac,EARLY_BIRD,2026-10-14T16:45:00Z,UEFA Champions League,Feyenoord vs Como,Pre-Match +EV,Como,1xBet,2.04,4.6,15.0,PENDING,0.0
6b853a90,EARLY_BIRD,2026-10-14T16:45:00Z,UEFA Champions League,LASK vs Liverpool,Pre-Match +EV,LASK,Betfred (UK),11.0,20.7,15.0,PENDING,0.0
da631254,EARLY_BIRD,2026-10-14T19:00:00Z,UEFA Champions League,Shakhtar Donetsk vs AEK Athens,Pre-Match +EV,AEK Athens,1xBet,2.72,5.0,15.0,PENDING,0.0
4a0a8307,EARLY_BIRD,2026-10-14T19:00:00Z,UEFA Champions League,AS Roma vs Real Madrid,Pre-Match +EV,Real Madrid,Betfred (UK),1.91,3.2,15.0,PENDING,0.0
baba47fd,EARLY_BIRD,2026-10-14T19:00:00Z,UEFA Champions League,Bodø/Glimt vs Borussia Dortmund,Pre-Match +EV,Borussia Dortmund,Betfred (UK),2.05,4.1,15.0,PENDING,0.0
de3a36bb,EARLY_BIRD,2026-10-14T19:00:00Z,UEFA Champions League,Manchester City vs Paris Saint Germain,Pre-Match +EV,Draw,Betfred (UK),4.2,6.6,15.0,PENDING,0.0
8d2bc8bd,EARLY_BIRD,2026-10-14T19:00:00Z,UEFA Champions League,Real Betis vs Porto,Pre-Match +EV,Draw,Betfred (UK),3.75,5.9,15.0,PENDING,0.0
5b00e044,EARLY_BIRD,2026-10-14T19:00:00Z,UEFA Champions League,ŠK Slovan Bratislava vs VfB Stuttgart,Pre-Match +EV,ŠK Slovan Bratislava,Betfred (UK),8.0,5.7,15.0,PENDING,0.0
1287069b,EARLY_BIRD,2026-10-15T16:45:00Z,UEFA Europa Conference League,Gent vs AGF Aarhus,Pre-Match +EV,AGF Aarhus,Betfair,5.5,10.7,15.0,PENDING,0.0
4b8d52fd,EARLY_BIRD,2026-10-15T16:45:00Z,UEFA Europa Conference League,PFC CSKA Sofia vs AS Monaco,Pre-Match +EV,PFC CSKA Sofia,1xBet,6.74,10.7,15.0,PENDING,0.0
c72e2235,EARLY_BIRD,2026-10-15T16:45:00Z,UEFA Europa Conference League,Hajduk Split vs Ajax,Pre-Match +EV,Ajax,1xBet,1.58,4.6,15.0,PENDING,0.0
25f62827,EARLY_BIRD,2026-10-15T16:45:00Z,UEFA Europa Conference League,Riga FC vs FC Kairat,Pre-Match +EV,Riga FC,Betfred (UK),1.91,4.4,15.0,PENDING,0.0
890afd91,EARLY_BIRD,2026-10-15T16:45:00Z,UEFA Europa Conference League,FC Lugano vs Red Star Belgrade,Pre-Match +EV,Red Star Belgrade,Betfair,2.48,3.8,15.0,PENDING,0.0
dd62bec0,EARLY_BIRD,2026-10-15T16:45:00Z,UEFA Europa Conference League,KF Egnatia vs FC Midtjylland,Pre-Match +EV,FC Midtjylland,Betfred (UK),1.6,3.2,15.0,PENDING,0.0
f354a505,EARLY_BIRD,2026-10-15T16:45:00Z,UEFA Europa Conference League,Panathinaikos FC vs FK Borac Banja Luka,Pre-Match +EV,FK Borac Banja Luka,Betfred (UK),13.0,16.0,15.0,PENDING,0.0
d3d3c2a3,EARLY_BIRD,2026-10-15T16:45:00Z,UEFA Europa Conference League,Universitatea Craiova vs Getafe,Pre-Match +EV,Universitatea Craiova,1xBet,3.31,3.8,15.0,PENDING,0.0
9d4ecaf8,EARLY_BIRD,2026-10-15T16:45:00Z,UEFA Europa Conference League,Mjällby AIF vs Inter Club d'Escaldes,Pre-Match +EV,Inter Club d'Escaldes,1xBet,13.8,20.4,15.0,PENDING,0.0
afc6ab49,EARLY_BIRD,2026-10-15T16:45:00Z,UEFA Europa Conference League,KuPS Kuopio vs Trabzonspor,Pre-Match +EV,KuPS Kuopio,1xBet,5.6,9.6,15.0,PENDING,0.0
a8971c8e,EARLY_BIRD,2026-10-15T19:00:00Z,UEFA Europa Conference League,Atalanta BC vs Pafos FC,Pre-Match +EV,Pafos FC,Betfair,9.8,27.1,15.0,PENDING,0.0
c23b6eb5,EARLY_BIRD,2026-10-15T19:00:00Z,UEFA Europa Conference League,FC Copenhagen vs SC Braga,Pre-Match +EV,FC Copenhagen,Betfair,2.4,4.3,15.0,PENDING,0.0
2220bbe6,EARLY_BIRD,2026-10-15T19:00:00Z,UEFA Europa Conference League,Sint Truiden vs FC Iberia 1999,Pre-Match +EV,FC Iberia 1999,1xBet,8.5,49.4,15.0,PENDING,0.0
e5ce33f9,EARLY_BIRD,2026-10-15T19:00:00Z,UEFA Europa Conference League,Hearts vs FC Nordsjaelland,Pre-Match +EV,Hearts,1xBet,2.68,3.9,15.0,PENDING,0.0
0c3e04dc,EARLY_BIRD,2026-10-15T19:00:00Z,UEFA Europa Conference League,FC Twente Enschede vs FC Thun,Pre-Match +EV,FC Thun,Betfred (UK),13.0,15.0,15.0,PENDING,0.0
a3b6173c,EARLY_BIRD,2026-10-15T19:00:00Z,UEFA Europa Conference League,SC Freiburg vs FK Jablonec,Pre-Match +EV,FK Jablonec,1xBet,9.9,15.3,15.0,PENDING,0.0
fb014f62,EARLY_BIRD,2026-10-15T19:00:00Z,UEFA Europa Conference League,SK Brann vs Lincoln Red Imps FC,Pre-Match +EV,Lincoln Red Imps FC,Betfair,19.5,36.6,15.0,PENDING,0.0
71196cb8,CORE_EV,2026-09-16T19:00:00Z,UEFA Europa League,AC Milan vs Benfica,Pre-Match +EV,Benfica,Smarkets,3.5,4.5,15.0,PENDING,0.0
4df739a8,CORE_EV,2026-09-16T19:00:00Z,UEFA Europa League,Sunderland vs AZ Alkmaar,Pre-Match +EV,AZ Alkmaar,Betfair,6.0,7.9,15.0,PENDING,0.0
74a697c9,CORE_EV,2026-09-16T19:00:00Z,UEFA Europa League,Anderlecht vs Lyon,Pre-Match +EV,Lyon,Betfair,2.44,4.7,15.0,PENDING,0.0
d5a539d1,CORE_EV,2026-09-16T19:00:00Z,UEFA Europa League,Bayer Leverkusen vs NK Celje,Pre-Match +EV,NK Celje,Smarkets,23.98,29.6,15.0,PENDING,0.0
bb54e069,CORE_EV,2026-09-16T19:00:00Z,UEFA Europa League,Hapoel Be'er Sheva vs Dinamo Zagreb,Pre-Match +EV,Dinamo Zagreb,Smarkets,1.97,4.8,15.0,PENDING,0.0
8ea9aa06,CORE_EV,2026-09-16T19:00:00Z,UEFA Europa League,Olympiakos Piraeus vs Jagiellonia Białystok,Pre-Match +EV,Jagiellonia Białystok,Smarkets,9.4,15.8,15.0,PENDING,0.0
c8b04d1c,CORE_EV,2026-09-16T19:00:00Z,UEFA Europa League,SK Sturm Graz vs Rennes,Pre-Match +EV,SK Sturm Graz,Betfair,3.95,8.2,15.0,PENDING,0.0
6b50cfa7,CORE_EV,2026-09-17T16:45:00Z,UEFA Europa League,OFI Crete vs TSG Hoffenheim,Pre-Match +EV,OFI Crete,Smarkets,8.0,6.5,15.0,PENDING,0.0
d39c921d,CORE_EV,2026-09-17T16:45:00Z,UEFA Europa League,PFC Levski Sofia vs Salzburg,Pre-Match +EV,PFC Levski Sofia,Smarkets,3.2,6.3,15.0,PENDING,0.0
91e652a4,CORE_EV,2026-09-17T19:00:00Z,UEFA Europa League,Besiktas JK vs Marseille,Pre-Match +EV,Marseille,Smarkets,4.6,10.0,15.0,PENDING,0.0
90ec22ae,CORE_EV,2026-09-17T19:00:00Z,UEFA Europa League,Real Sociedad vs Bournemouth,Pre-Match +EV,Bournemouth,Smarkets,2.48,4.6,15.0,PENDING,0.0
650facd4,CORE_EV,2026-09-17T19:00:00Z,UEFA Europa League,Celtic vs Ferencváros TC,Pre-Match +EV,Ferencváros TC,1xBet,4.51,3.0,15.0,PENDING,0.0
1ebfb064,CORE_EV,2026-09-17T19:00:00Z,UEFA Europa League,Crystal Palace vs Lech Poznań,Pre-Match +EV,Lech Poznań,Smarkets,8.0,13.2,15.0,PENDING,0.0
178581ce,CORE_EV,2026-09-17T19:00:00Z,UEFA Europa League,Juventus vs NEC Nijmegen,Pre-Match +EV,NEC Nijmegen,Betfred (UK),12.0,3.8,15.0,PENDING,0.0
c6440f36,CORE_EV,2026-09-17T19:00:00Z,UEFA Europa League,Lillestrom vs Torreense,Pre-Match +EV,Torreense,Paddy Power,6.0,5.6,15.0,PENDING,0.0
5b341307,CORE_EV,2026-09-17T19:00:00Z,UEFA Europa League,Viktoria Plzeň vs Union Saint-Gilloise,Pre-Match +EV,Union Saint-Gilloise,Smarkets,2.6,4.0,15.0,PENDING,0.0
fae3dd1a,EARLY_BIRD,2026-09-24T18:45:00Z,UEFA Nations League,Norway vs Denmark,Pre-Match +EV,Denmark,Paddy Power,4.0,3.9,15.0,PENDING,0.0
a3d5cc26,EARLY_BIRD,2026-09-24T18:45:00Z,UEFA Nations League,Netherlands vs Germany,Pre-Match +EV,Netherlands,1xBet,2.33,3.1,15.0,PENDING,0.0
ea4fe3c3,EARLY_BIRD,2026-09-24T18:45:00Z,UEFA Nations League,Serbia vs Greece,Pre-Match +EV,Greece,Paddy Power,2.8,3.7,15.0,PENDING,0.0
c101ac40,EARLY_BIRD,2026-09-24T18:45:00Z,UEFA Nations League,Portugal vs Wales,Pre-Match +EV,Draw,1xBet,5.85,5.2,15.0,PENDING,0.0
64ecafa4,EARLY_BIRD,2026-09-25T18:45:00Z,UEFA Nations League,Italy vs Belgium,Pre-Match +EV,Belgium,PMU (FR),3.2,9.2,15.0,PENDING,0.0
58a3bf59,EARLY_BIRD,2026-09-25T18:45:00Z,UEFA Nations League,Turkey vs France,Pre-Match +EV,Draw,1xBet,4.3,4.9,15.0,PENDING,0.0
a467290e,EARLY_BIRD,2026-09-26T18:45:00Z,UEFA Nations League,Czech Republic vs Croatia,Pre-Match +EV,Draw,Betfred (UK),3.6,5.0,15.0,PENDING,0.0
31c03ab6,EARLY_BIRD,2026-09-26T18:45:00Z,UEFA Nations League,England vs Spain,Pre-Match +EV,Draw,Betfred (UK),3.5,6.7,15.0,PENDING,0.0
31308bc7,EARLY_BIRD,2026-09-18T23:30:00Z,MLS,New York City FC vs New York Red Bulls,Pre-Match +EV,New York Red Bulls,LeoVegas (SE),4.3,6.2,15.0,PENDING,0.0
d7516dbf,EARLY_BIRD,2026-09-19T23:30:00Z,MLS,CF Montreal vs Columbus Crew SC,Pre-Match +EV,CF Montreal,Virgin Bet,2.55,3.7,15.0,PENDING,0.0
217bc1fb,EARLY_BIRD,2026-09-19T23:30:00Z,MLS,D.C. United vs Charlotte FC,Pre-Match +EV,Charlotte FC,LeoVegas (SE),2.65,6.0,15.0,PENDING,0.0
127f1b55,EARLY_BIRD,2026-09-19T23:30:00Z,MLS,San Jose Earthquakes vs Los Angeles FC,Pre-Match +EV,San Jose Earthquakes,LeoVegas (SE),3.15,7.9,15.0,PENDING,0.0
402ff31f,EARLY_BIRD,2026-09-19T23:30:00Z,MLS,New England Revolution vs Orlando City SC,Pre-Match +EV,Orlando City SC,LeoVegas (SE),3.9,6.0,15.0,PENDING,0.0
e0e84193,EARLY_BIRD,2026-09-20T00:30:00Z,MLS,FC Dallas vs Austin FC,Pre-Match +EV,Austin FC,LeoVegas (SE),4.75,5.1,15.0,PENDING,0.0
a4091ca9,EARLY_BIRD,2026-09-20T00:30:00Z,MLS,Houston Dynamo vs FC Cincinnati,Pre-Match +EV,Houston Dynamo,Unibet (NL),1.93,3.2,15.0,PENDING,0.0
74d45bae,EARLY_BIRD,2026-09-20T00:30:00Z,MLS,Minnesota United FC vs LA Galaxy,Pre-Match +EV,LA Galaxy,Casumo,4.5,4.4,15.0,PENDING,0.0
ab43bcac,EARLY_BIRD,2026-09-20T00:30:00Z,MLS,Sporting Kansas City vs Philadelphia Union,Pre-Match +EV,Sporting Kansas City,Casumo,4.7,4.4,15.0,PENDING,0.0
b3fb2470,EARLY_BIRD,2026-09-20T00:30:00Z,MLS,St. Louis City SC vs Toronto FC,Pre-Match +EV,St. Louis City SC,LeoVegas (SE),1.73,4.2,15.0,PENDING,0.0
74043138,EARLY_BIRD,2026-09-20T01:30:00Z,MLS,Nashville SC vs Chicago Fire,Pre-Match +EV,Nashville SC,LeoVegas (SE),1.93,7.2,15.0,PENDING,0.0
8e9bcc7f,EARLY_BIRD,2026-09-20T01:30:00Z,MLS,Colorado Rapids vs Seattle Sounders FC,Pre-Match +EV,Seattle Sounders FC,LeoVegas (SE),3.7,9.5,15.0,PENDING,0.0
f058f4c6,EARLY_BIRD,2026-09-20T01:30:00Z,MLS,Real Salt Lake vs Vancouver Whitecaps FC,Pre-Match +EV,Real Salt Lake,1xBet,3.79,3.8,15.0,PENDING,0.0
932ef867,EARLY_BIRD,2026-09-20T02:30:00Z,MLS,Portland Timbers vs Atlanta United FC,Pre-Match +EV,Atlanta United FC,LeoVegas (SE),3.6,5.6,15.0,PENDING,0.0
cbc8298e,EARLY_BIRD,2026-09-20T23:00:00Z,MLS,Inter Miami CF vs San Diego FC,Pre-Match +EV,San Diego FC,Casumo,5.6,12.7,15.0,PENDING,0.0
46b1d0c9,EARLY_BIRD,2026-09-21T02:05:00Z,Liga MX,Querétaro vs León,Pre-Match +EV,Draw,Betfair Sportsbook,3.7,3.6,15.0,PENDING,0.0
